"Join us next week for our #online collective on addressing youth #loneliness, a topic which needs talking about now… https://t.co/qw0ms4SXdT"
"Listen to the most recent episode of my podcast: 
#Codependency &amp; #Loneliness 
https://t.co/sWOBDqIXBB"
I’ve become such an anger-filled man more now than ever.  #MentalHealthMatters #MentalHealthMonday #MentalHealth… https://t.co/1cZsrv7hrT
"He did teach me love, but it was more of a shove. But I finally left from a person who was only a theft, in stealin… https://t.co/66nL418qkM"
America's #loneliness epidemic has hidden in plain sight for years. Coronavirus is changing that https://t.co/9IzHqwMaBz
RT @Humana: We’re partnering with @UberHealth @join_papa @bcmspacehealth and @EndSocIsolation to raise awareness of the health impacts of #…
Talk to me by Philip Mckay: More artworks https://t.co/QIizMDS5Rq #Digital #art #Composition #People #Everyday… https://t.co/YDs36QALEp
"Adding to my Reading List — 

‘Together: The Healing Power of Human Connection in a Sometimes Lonely World’ by… https://t.co/ZeIZCAYJUK"
The one thing no one tells you about breastfeeding https://t.co/unNXbnikX9 #breastfeeding motherhood #loneliness… https://t.co/C7Vu9gYm3m
